user;timeStamp;idParent;Id_Article
Le Monde;1479335886;null;international_0
SowAmadoualisow;1480055594;Le Monde;international_0
labagatel;1479532261;Le Monde;international_0
Seiko971;1479468344;Le Monde;international_0
Mugiwara_Ya_;1479455205;Le Monde;international_0
Kawa_Ssir;1479421952;Le Monde;international_0
_Myriaaaam;1479421830;Le Monde;international_0
fred062811;1479421758;Le Monde;international_0
magicalain;1479416354;Le Monde;international_0
isvaritto1;1479412134;Le Monde;international_0
natfrancenat;1479405011;Le Monde;international_0
Pauline_Bellan;1479402610;Le Monde;international_0
Holamundio;1479391093;Le Monde;international_0
MarySaillard;1479390657;Le Monde;international_0
mariegeorgem;1479388232;Le Monde;international_0
forbin03;1479385876;Le Monde;international_0
_Mazeuw;1479384570;Le Monde;international_0
AnnRoseRey;1479378872;Le Monde;international_0
ydjoli;1479377101;Le Monde;international_0
VdeNaguaBocsy;1479376481;Le Monde;international_0
TheGuiGunner;1479372634;Le Monde;international_0
MymyDonna;1479371060;Le Monde;international_0
86Deborah;1479370017;Le Monde;international_0
Sproutche;1479369520;Le Monde;international_0
laura17lee;1479369484;Le Monde;international_0
darius9Z;1479369215;Le Monde;international_0
comte_fenix;1479367648;Le Monde;international_0
Mlle_Sido;1479367517;Le Monde;international_0
Lecuyer_Yohan;1479367483;Le Monde;international_0
Akin1103;1479367477;Le Monde;international_0
lexandrovitch;1479367371;Le Monde;international_0
Benjamine15;1479366999;Le Monde;international_0
flaubae;1479366572;Le Monde;international_0
canousconcerne;1479366440;Le Monde;international_0
LarsAyiti;1479366073;Le Monde;international_0
KeenanIsLittt;1479365725;Le Monde;international_0
tuturman491;1479365488;Le Monde;international_0
fancyspark;1479364429;Le Monde;international_0
Le_Tone;1479363768;Le Monde;international_0
CvallatVallat;1479363747;Le Monde;international_0
sasha_smkhv;1479363742;Le Monde;international_0
dolabricot;1479361943;Le Monde;international_0
keng_loy;1479361865;Le Monde;international_0
DaDougieFresh;1479361671;Le Monde;international_0
Siscie_R;1479361404;Le Monde;international_0
Kreolyn971;1479358076;Le Monde;international_0
maslarelou;1479357367;Le Monde;international_0
CrcElise;1479356418;Le Monde;international_0
isadelsof8;1479349985;Le Monde;international_0
Dvnny66;1479347414;Le Monde;international_0
esprit1789;1479347176;Le Monde;international_0
MyFabolousWorld;1479344196;Le Monde;international_0
NikkiSweetLips;1479344145;Le Monde;international_0
rockywinkywin;1479344012;Le Monde;international_0
Dannou972;1479343659;Le Monde;international_0
BGuccy;1479342277;Le Monde;international_0
idee_kenkyu;1479341146;Le Monde;international_0
blabalade;1479341094;Le Monde;international_0
jesse_972;1479339858;Le Monde;international_0
JustineBibine;1479339583;Le Monde;international_0
kadeak_spain;1479339551;Le Monde;international_0
soleil82639;1479339451;Le Monde;international_0
Teylor_M;1479339137;Le Monde;international_0
Dhuratejshr;1479339125;Le Monde;international_0
urbanmediaz;1479338833;Le Monde;international_0
remy_goel;1479338795;Le Monde;international_0
Minovinco94;1479338750;Le Monde;international_0
norbert_alex;1479338738;Le Monde;international_0
JJF971_;1479338699;Le Monde;international_0
Favyetouayo;1479338659;Le Monde;international_0
wlooski;1479338485;Le Monde;international_0
92249607x;1479338102;Le Monde;international_0
Ink_Aida;1479337933;Le Monde;international_0
abee2301;1479337752;Le Monde;international_0
sowmaha;1479337675;Le Monde;international_0
modjissola5;1479337271;Le Monde;international_0
Askrin14;1479337183;Le Monde;international_0
Papa_AM35;1479337172;Le Monde;international_0
ncarambole;1479337163;Le Monde;international_0
V_Citizen;1479337148;Le Monde;international_0
EBOKOMalia;1479337057;Le Monde;international_0
zgregoss66;1479337027;Le Monde;international_0
M2bliquis;1479336996;Le Monde;international_0
AidliManon;1479336956;Le Monde;international_0
madiorfll;1479336751;Le Monde;international_0
nathalieniel;1479336649;Le Monde;international_0
AmalyaMBD;1479336573;Le Monde;international_0
leroy_rousseau;1479336570;Le Monde;international_0
Louise de Lannoy φ;1479334621;null;international_0
fanfanchatblanc;1479336153;Louise de Lannoy φ;international_0
ApollineDchamp;1479335720;Louise de Lannoy φ;international_0
ccdevallet;1479335657;Louise de Lannoy φ;international_0
borninchampagne;1479335093;Louise de Lannoy φ;international_0
marc melcourt;1479334384;null;international_0
Achren Verdian;1479337445;null;international_1
SafaHaouam;1479399284;Achren Verdian;international_1
MBalcy;1479337696;Achren Verdian;international_1
moi,moimeme et je;1479332153;null;international_1
cramounim;1479335771;moi,moimeme et je;international_1
PolisarioTID;1479332408;moi,moimeme et je;international_1
elaineobenshain;1479332214;moi,moimeme et je;international_1
Le Monde;1479330427;null;international_1
verbauxves_;1479521942;Le Monde;international_1
NawPark_;1479375524;Le Monde;international_1
Fredcardeilhac;1479365009;Le Monde;international_1
skyptheswim;1479363838;Le Monde;international_1
jane46220;1479359162;Le Monde;international_1
revolution_fr;1479354538;Le Monde;international_1
esprit1789;1479347193;Le Monde;international_1
idee_kenkyu;1479341165;Le Monde;international_1
soleil82639;1479339741;Le Monde;international_1
1Brefnoir;1479338187;Le Monde;international_1
FL23767;1479338040;Le Monde;international_1
lionelcergy;1479337867;Le Monde;international_1
OmNico72;1479335290;Le Monde;international_1
ReineEmond;1479335273;Le Monde;international_1
maslarelou;1479335061;Le Monde;international_1
evaines10;1479334134;Le Monde;international_1
IsaBonnet;1479332965;Le Monde;international_1
Floriane_mtp;1479332582;Le Monde;international_1
tricornot;1479332443;Le Monde;international_1
PoulaFl;1479332147;Le Monde;international_1
leoyfsan17;1479332127;Le Monde;international_1
Dvnny66;1479331943;Le Monde;international_1
koyema;1479331830;Le Monde;international_1
samira_hannou;1479331520;Le Monde;international_1
Moochite;1479331364;Le Monde;international_1
Playmogeek;1479331331;Le Monde;international_1
Den_Soph;1479331299;Le Monde;international_1
serverdaderos;1479331192;Le Monde;international_1
Chosen_One_SS;1479331184;Le Monde;international_1
mado83700;1479331091;Le Monde;international_1
EApaolaza;1479331073;Le Monde;international_1
RenegadeGiana;1479330866;Le Monde;international_1
Sellig67;1479330773;Le Monde;international_1
cyrilletrignac;1479330749;Le Monde;international_1
griseldamussett;1479330684;Le Monde;international_1
KEFISamy;1479330669;Le Monde;international_1
elcaracolpeludo;1479330667;Le Monde;international_1
bornhaters_x;1479330649;Le Monde;international_1
lenouvelair;1479330648;Le Monde;international_1
Xdoom64;1479330613;Le Monde;international_1
FrancePeloso;1479330608;Le Monde;international_1
Claritarohingya;1479330587;Le Monde;international_1
SamyGs;1479330577;Le Monde;international_1
TheGuiGunner;1479330549;Le Monde;international_1
znya_ex;1479330547;Le Monde;international_1
Animalfree76;1479330530;Le Monde;international_1
Romain_Mamert;1479330514;Le Monde;international_1
jkyhagi;1479330456;Le Monde;international_1
Alice LEMOAL;1479329258;null;international_1
Dernières nouvelles;1479328394;null;international_1
PierredeGasquet;1479329417;Dernières nouvelles;international_1
CasYannPiat;1479328991;Dernières nouvelles;international_1
Le Monde Afrique;1479328212;null;international_1
AfriKstrategies;1479376056;Le Monde Afrique;international_1
Joce1983;1479336287;Le Monde Afrique;international_1
evaines10;1479334547;Le Monde Afrique;international_1
Djab_Bouti;1479331179;Le Monde Afrique;international_1
CariusManuel;1479330763;Le Monde Afrique;international_1
murieleroy;1479329801;Le Monde Afrique;international_1
NatachaSeck;1479329061;Le Monde Afrique;international_1
ilariallegro;1479328775;Le Monde Afrique;international_1
koula84;1479328652;Le Monde Afrique;international_1
Globalnews;1479328150;null;international_1
smalnews;1479328150;null;international_1
Houdin;1479369965;null;international_2
passatsp;1479765124;Houdin;international_2
ChamelleVerte;1479370538;Houdin;international_2
RomainDionLR;1479370341;Houdin;international_2
Gonosen;1479362773;null;international_2
Jean-Philippe Daigle;1479336835;null;international_2
Le Monde;1479336606;null;international_2
MacremeK;1479722776;Le Monde;international_2
mdembele6;1479700343;Le Monde;international_2
Seiko971;1479468334;Le Monde;international_2
moove_rh;1479416420;Le Monde;international_2
Davlefou;1479415803;Le Monde;international_2
MaAuEsCle;1479410195;Le Monde;international_2
Ninouil;1479395284;Le Monde;international_2
LosySoraya;1479389295;Le Monde;international_2
CamilleP08;1479384889;Le Monde;international_2
Mariel02person;1479382558;Le Monde;international_2
bouadjimii;1479380671;Le Monde;international_2
Nesqouiik;1479379484;Le Monde;international_2
FCamet;1479376125;Le Monde;international_2
Julia_f91;1479376080;Le Monde;international_2
Pakyfirst;1479374903;Le Monde;international_2
8rphilippe;1479371820;Le Monde;international_2
anaisjmr;1479367868;Le Monde;international_2
comte_fenix;1479367782;Le Monde;international_2
phil20129;1479367708;Le Monde;international_2
vladimir1143;1479367246;Le Monde;international_2
cyrilpaug;1479366876;Le Monde;international_2
nana29900;1479366530;Le Monde;international_2
AxelTravers;1479366449;Le Monde;international_2
simonntyam;1479365871;Le Monde;international_2
jennyheisenberg;1479364454;Le Monde;international_2
lea_anjou;1479364418;Le Monde;international_2
LeWorldobelge;1479364310;Le Monde;international_2
CvallatVallat;1479363736;Le Monde;international_2
MagaLP8;1479363614;Le Monde;international_2
Xtr3m_77;1479363281;Le Monde;international_2
Nuoc_and_Nam;1479362439;Le Monde;international_2
expertlgv;1479362334;Le Monde;international_2
Johan_dy;1479361658;Le Monde;international_2
Chris_Hennequin;1479361651;Le Monde;international_2
claidonmaxime74;1479361584;Le Monde;international_2
AlysonBu;1479361124;Le Monde;international_2
Charbel_v2L;1479360871;Le Monde;international_2
sabran3375;1479360141;Le Monde;international_2
saqqara38;1479359840;Le Monde;international_2
ANNMPHIL;1479359323;Le Monde;international_2
10chrisR;1479357850;Le Monde;international_2
maslarelou;1479357390;Le Monde;international_2
CrcElise;1479356354;Le Monde;international_2
omi75;1479353643;Le Monde;international_2
elcanelofrench;1479353533;Le Monde;international_2
degioanni;1479351364;Le Monde;international_2
ChiracJoachim;1479350522;Le Monde;international_2
bir6463;1479349853;Le Monde;international_2
teixeira_felis;1479349575;Le Monde;international_2
NappyBoop;1479349328;Le Monde;international_2
cinchama;1479348922;Le Monde;international_2
maevaminalucho;1479348211;Le Monde;international_2
esprit1789;1479347174;Le Monde;international_2
cyrilletrignac;1479344849;Le Monde;international_2
hippeanuts;1479344729;Le Monde;international_2
Danny_Chau94;1479344507;Le Monde;international_2
walidarrach;1479344112;Le Monde;international_2
BETINHOBELUDI;1479343727;Le Monde;international_2
coviolgrand;1479343703;Le Monde;international_2
NissaNinouss;1479343511;Le Monde;international_2
com4myst_blgspt;1479343448;Le Monde;international_2
CelikRDC;1479342955;Le Monde;international_2
AlainJJJ;1479342589;Le Monde;international_2
KUBISVANECLOO;1479342400;Le Monde;international_2
AttiBear;1479342127;Le Monde;international_2
tintinhio;1479342062;Le Monde;international_2
SENNAXF;1479341584;Le Monde;international_2
idee_kenkyu;1479341142;Le Monde;international_2
DrChicken7;1479341083;Le Monde;international_2
JohnLockeNLS;1479340694;Le Monde;international_2
Kriol62;1479340660;Le Monde;international_2
Jeanbaptiste_m;1479340595;Le Monde;international_2
AgnesD48;1479340294;Le Monde;international_2
Dadinho970;1479339974;Le Monde;international_2
ELYAAGOUBI_Badr;1479339919;Le Monde;international_2
Delmaire7;1479339673;Le Monde;international_2
soleil82639;1479339365;Le Monde;international_2
m_nachtergael;1479339223;Le Monde;international_2
QueenMSheba;1479339065;Le Monde;international_2
cedric_ccc;1479339048;Le Monde;international_2
Aymen_Hannibal;1479338877;Le Monde;international_2
N_villequey;1479338825;Le Monde;international_2
MohamedmFawaz;1479338819;Le Monde;international_2
Aurore_2708;1479338818;Le Monde;international_2
WnewsToday;1479327853;null;international_2
InfoMonde;1479327400;null;international_2
PolitiqueFrance.fr;1479326948;null;international_2
Nicolas Mérand;1479367363;null;international_3
Jordi Pla;1479343664;null;international_3
BIOGEC;1479342013;null;international_3
the_Red_Tie;1479335169;null;international_3
Le Monde;1479333546;null;international_3
DutchDrB;1479541618;Le Monde;international_3
CharreEmmanuel;1479418370;Le Monde;international_3
FrolixGaming;1479411210;Le Monde;international_3
GrandCfdt;1479389389;Le Monde;international_3
wheelbrator;1479371281;Le Monde;international_3
CfdtChristophe;1479366587;Le Monde;international_3
jimlegrand;1479364158;Le Monde;international_3
f_mieturka;1479362984;Le Monde;international_3
T4iZo;1479362008;Le Monde;international_3
icky089;1479359973;Le Monde;international_3
jane46220;1479359262;Le Monde;international_3
marielaurecha;1479356159;Le Monde;international_3
The_Rima_66;1479355043;Le Monde;international_3
CvlCarla;1479348275;Le Monde;international_3
esprit1789;1479347188;Le Monde;international_3
idee_kenkyu;1479341159;Le Monde;international_3
LunacyClem;1479340397;Le Monde;international_3
BrxPPP;1479339912;Le Monde;international_3
soleil82639;1479339602;Le Monde;international_3
lionelcergy;1479337636;Le Monde;international_3
EBOKOMalia;1479336969;Le Monde;international_3
alpiumlupa;1479336631;Le Monde;international_3
Silvaeternam;1479335722;Le Monde;international_3
madrynha2012;1479335275;Le Monde;international_3
jrf0001;1479335269;Le Monde;international_3
maslarelou;1479335124;Le Monde;international_3
fleming77;1479334810;Le Monde;international_3
Delmaire7;1479334793;Le Monde;international_3
DirtySteef;1479334693;Le Monde;international_3
vinx_yt;1479334678;Le Monde;international_3
ccdevallet;1479334475;Le Monde;international_3
marypopins84;1479334406;Le Monde;international_3
claraa_lpz;1479334306;Le Monde;international_3
willgnrfrance;1479334304;Le Monde;international_3
Monalisazelf;1479334292;Le Monde;international_3
juliette_lortie;1479334246;Le Monde;international_3
ascalon5;1479334230;Le Monde;international_3
BarbasNella;1479334205;Le Monde;international_3
horiguchikesazo;1479334101;Le Monde;international_3
Astharius;1479334099;Le Monde;international_3
TSHILEMBEMUSANS;1479333954;Le Monde;international_3
Fgermes;1479333925;Le Monde;international_3
Floriane_mtp;1479333764;Le Monde;international_3
DarlaysJames;1479333743;Le Monde;international_3
ZB_Katniss;1479333724;Le Monde;international_3
Oxy67Oxy;1479333701;Le Monde;international_3
ashka_hele;1479333699;Le Monde;international_3
morganetual;1479333682;Le Monde;international_3
becare_29;1479333674;Le Monde;international_3
kaxelivar;1479333664;Le Monde;international_3
phrosset30;1479333651;Le Monde;international_3
emmanuelgarga;1479333646;Le Monde;international_3
BBbambirose;1479333625;Le Monde;international_3
13Keviiin;1479333623;Le Monde;international_3
fck187;1479333593;Le Monde;international_3
sabran3375;1479333591;Le Monde;international_3
antorse31;1479333581;Le Monde;international_3
LaVeriteEtLaVie;1479333575;Le Monde;international_3
cyrilletrignac;1479333571;Le Monde;international_3
coliseumcrazy;1479333569;Le Monde;international_3
Hubert MESSMER;1479327121;null;international_3
OliveBerland;1479328403;Hubert MESSMER;international_3
Le Monde - Vidéos;1479323437;null;international_3
Loupo85;1480399842;Le Monde - Vidéos;international_3
FranceMob;1480399841;Le Monde - Vidéos;international_3
snapshorty;1480399283;Le Monde - Vidéos;international_3
f1mij;1480398689;Le Monde - Vidéos;international_3
ChrisThiry;1479323627;Le Monde - Vidéos;international_3
karimsalim;1479323089;null;international_3
jl_lambert;1482131954;null;international_4
Alain Leroux;1479897411;null;international_4
Delphine;1479395269;null;international_4
AM Bilodeau;1479393186;null;international_4
Alexandre Michelin;1479373812;null;international_4
Zak_Files;1479371730;null;international_4
IvoJima61;1479405443;Zak_Files;international_4
Kontekst015;1479372415;Zak_Files;international_4
AZ_Files;1479371906;Zak_Files;international_4
Alexandre Michelin;1479369684;null;international_4
Arnaud@Thurudev;1479366160;null;international_4
Gaël Stephan;1479365603;null;international_4
Olivier Montels;1479361204;null;international_4
:. OjoBlue;1479357050;null;international_4
RousseauAgnes;1479365568;:. OjoBlue;international_4
AmericaPolyphony;1479337021;null;international_4
Le Monde;1479332768;null;international_4
DurbaZW;1479828388;Le Monde;international_4
mdembele6;1479700328;Le Monde;international_4
M97Taines;1479692640;Le Monde;international_4
palot17;1479432381;Le Monde;international_4
kazaneg;1479398840;Le Monde;international_4
Pierre_Pgt;1479389447;Le Monde;international_4
HumanRems;1479372228;Le Monde;international_4
Lecuyer_Yohan;1479367539;Le Monde;international_4
Brhaspatya;1479352735;Le Monde;international_4
bir6463;1479352031;Le Monde;international_4
Dvnny66;1479347567;Le Monde;international_4
MarineCouartou;1479340083;Le Monde;international_4
MCVergiat;1479340024;Le Monde;international_4
BLBagousse;1479339605;Le Monde;international_4
FL23767;1479338564;Le Monde;international_4
PascaleArraou;1479338178;Le Monde;international_4
LotfiGAIED;1479336598;Le Monde;international_4
david_sillet;1479336246;Le Monde;international_4
kushhMARLEY__FP;1479335572;Le Monde;international_4
ugauthier;1479335230;Le Monde;international_4
Le_Tone;1479334888;Le Monde;international_4
zoobleu;1479334154;Le Monde;international_4
TNahila;1479333773;Le Monde;international_4
cyrilletrignac;1479333742;Le Monde;international_4
starryvibes;1479333657;Le Monde;international_4
cdelinares;1479333443;Le Monde;international_4
freddelams;1479333440;Le Monde;international_4
EUwatchers;1479333224;Le Monde;international_4
JenniePuccini;1479333194;Le Monde;international_4
fancyspark;1479333138;Le Monde;international_4
SaharHMostafa7;1479333109;Le Monde;international_4
yoann_abk;1479333008;Le Monde;international_4
SamDanOfficiel;1479333002;Le Monde;international_4
Uranus42PP;1479332977;Le Monde;international_4
OffspinMedia;1479332961;Le Monde;international_4
kjmarsh;1479332961;Le Monde;international_4
PovFiston;1479332925;Le Monde;international_4
vchatelier;1479332902;Le Monde;international_4
demsocBXL;1479332843;Le Monde;international_4
AceofSpadesHQ;1479332832;Le Monde;international_4
sdmwrites;1479332808;Le Monde;international_4
PolitiqueInfo;1479332795;Le Monde;international_4
JeanArmet;1479332794;Le Monde;international_4
florakama;1479332781;Le Monde;international_4
tito's;1479328691;null;international_4
HafsoiM;1479329032;tito's;international_4
Hasardevi देवी.;1479325760;null;international_4
IsmaelIsmael016;1479325772;Hasardevi देवी.;international_4
MARZIO;1479324268;null;international_4
MARZIO;1479323960;null;international_4
William Audureau;1479322450;null;international_4
Erza_Knight_FR;1479381100;William Audureau;international_4
iCedric;1479370059;William Audureau;international_4
Sbajos;1479334983;William Audureau;international_4
florent92100;1479334313;William Audureau;international_4
apiquard;1479334289;William Audureau;international_4
el_producer;1479327279;William Audureau;international_4
SupBenji63;1479325773;William Audureau;international_4
Guinness60;1479322740;William Audureau;international_4
gregorbrandy;1479322681;William Audureau;international_4
Haiti News Network;1479322043;null;international_4
24 H News;1479322040;null;international_4
Globalnews;1479321984;null;international_4
dani;1479320959;null;international_4
Alain RODRIGUEZ;1479468775;null;international_5
peter melian;1479405378;null;international_5
Charles Rassaert;1479367591;null;international_5
adea guillot;1479325372;null;international_5
korrespondent09;1479327764;adea guillot;international_5
claudecognard;1479360846;null;international_6
Le papy Dan;1479333683;null;international_6
Le Monde;1479331206;null;international_6
uhss6;1479934575;Le Monde;international_6
labagatel;1479531535;Le Monde;international_6
bouden_riadh;1479411494;Le Monde;international_6
louzir_ahmed;1479411321;Le Monde;international_6
comte_fenix;1479367818;Le Monde;international_6
FabiennePle_Vue;1479367052;Le Monde;international_6
antoine_alt;1479364448;Le Monde;international_6
kultursalzkaro;1479363358;Le Monde;international_6
Catherineernens;1479362890;Le Monde;international_6
Coritaliana;1479358388;Le Monde;international_6
CrcElise;1479356181;Le Monde;international_6
revolution_fr;1479354541;Le Monde;international_6
nicodaigle;1479350755;Le Monde;international_6
djemilaben;1479349494;Le Monde;international_6
Fran75GB;1479348988;Le Monde;international_6
Fabien_Nguyen;1479348795;Le Monde;international_6
kamal_sidi;1479348483;Le Monde;international_6
FrancoiseHaas;1479347639;Le Monde;international_6
esprit1789;1479347191;Le Monde;international_6
luttesdemars;1479342590;Le Monde;international_6
idee_kenkyu;1479341162;Le Monde;international_6
Nataliagnecco;1479341154;Le Monde;international_6
RouxBrigitte4;1479340182;Le Monde;international_6
ThierryPle;1479340041;Le Monde;international_6
soleil82639;1479339712;Le Monde;international_6
Moochite;1479339326;Le Monde;international_6
paul_dehedin;1479339148;Le Monde;international_6
Babeth_03_12;1479339036;Le Monde;international_6
pouceopposable;1479338901;Le Monde;international_6
1Brefnoir;1479338148;Le Monde;international_6
leroy_rousseau;1479337526;Le Monde;international_6
mikulencak;1479336798;Le Monde;international_6
VaLeuRS974;1479336350;Le Monde;international_6
Joce1983;1479336025;Le Monde;international_6
OmNico72;1479335284;Le Monde;international_6
AnnaNomis;1479335102;Le Monde;international_6
maslarelou;1479335075;Le Monde;international_6
Le_Tone;1479334937;Le Monde;international_6
mariline_69;1479334829;Le Monde;international_6
grangibus;1479334797;Le Monde;international_6
AgnesBellorgey;1479334603;Le Monde;international_6
tofetsameute;1479334208;Le Monde;international_6
hugodelaguigner;1479334141;Le Monde;international_6
fbdlm;1479334133;Le Monde;international_6
EthelMadgirl;1479334128;Le Monde;international_6
aloumarb;1479333804;Le Monde;international_6
haymella;1479333715;Le Monde;international_6
teol03;1479333681;Le Monde;international_6
Villaceque51;1479333340;Le Monde;international_6
aurelien_cadart;1479333311;Le Monde;international_6
fancyspark;1479333110;Le Monde;international_6
vikoland;1479333034;Le Monde;international_6
Luciletrb;1479333030;Le Monde;international_6
JulienNorpois;1479332947;Le Monde;international_6
elisal1231;1479332806;Le Monde;international_6
61Gisou;1479332649;Le Monde;international_6
mitongo_t;1479332546;Le Monde;international_6
leoyfsan17;1479332545;Le Monde;international_6
moncadette;1479332537;Le Monde;international_6
Charly_be_good;1479332458;Le Monde;international_6
tricornot;1479332448;Le Monde;international_6
Seydoub54633252;1479332410;Le Monde;international_6
Karine_Gautreau;1479332351;Le Monde;international_6
puyuelopilar;1479332301;Le Monde;international_6
prbertier;1479332127;Le Monde;international_6
Un_gas_de_Shawi;1479331980;Le Monde;international_6
michel_kazadi;1479331928;Le Monde;international_6
Dvnny66;1479331879;Le Monde;international_6
chapdzef;1479331861;Le Monde;international_6
isasauvanon;1479331806;Le Monde;international_6
MiAyotte;1479331775;Le Monde;international_6
cyrilletrignac;1479331759;Le Monde;international_6
CarlaBottinger;1479331758;Le Monde;international_6
Cookieorigins;1479331753;Le Monde;international_6
Messapia1;1479331725;Le Monde;international_6
CarmenFdezA;1479331651;Le Monde;international_6
nordicfreelance;1479331636;Le Monde;international_6
YubelChris;1479331560;Le Monde;international_6
BriceLaemle;1479331550;Le Monde;international_6
ElogeHakizimana;1479331513;Le Monde;international_6
RietSara;1479331507;Le Monde;international_6
EvaTRibes;1479331505;Le Monde;international_6
icp3_zero;1479331459;Le Monde;international_6
FPasquisDumont;1479331448;Le Monde;international_6
celem4;1479331401;Le Monde;international_6
Libuse2013;1479331385;Le Monde;international_6
amzilh53;1479331371;Le Monde;international_6
graalba;1479331335;Le Monde;international_6
KEFISamy;1479331333;Le Monde;international_6
OrigineCertifie;1479331316;Le Monde;international_6
Free_Rob;1479331315;Le Monde;international_6
Alassaneshow;1479331305;Le Monde;international_6
sofia_lssc;1479331280;Le Monde;international_6
ThomasCrook2;1479331259;Le Monde;international_6
SGuedou;1479331251;Le Monde;international_6
nils pedersen;1479330891;null;international_6
Albatros;1479323359;null;international_6
marinellasuiza;1479620602;Albatros;international_6
Mppplm;1479342943;Albatros;international_6
[XL];1479323304;null;international_6
PolitiqueFrance.fr;1479322634;null;international_6
Haiti News Network;1479322043;null;international_6
vivemouton;1479321389;null;international_6
Arthur Colliot;1479321096;null;international_6
Gertrude Michu;1479320886;null;international_6
Madjid Messaoudene;1479319787;null;international_6
PassyLuwansangu;1479635987;Madjid Messaoudene;international_6
vale_vaccaro;1479328158;Madjid Messaoudene;international_6
Mariableuee;1479322993;Madjid Messaoudene;international_6
calamitysis;1479321246;Madjid Messaoudene;international_6
celineLAPORTE;1479321001;Madjid Messaoudene;international_6
Apoetreflects;1479320997;Madjid Messaoudene;international_6
guenotmichel;1479320976;Madjid Messaoudene;international_6
M2bliquis;1479320701;Madjid Messaoudene;international_6
CQFDjournal;1479320064;Madjid Messaoudene;international_6
Chat2Gouttieres;1479320063;Madjid Messaoudene;international_6
Fawkes;1479380067;null;international_7
tomazzzi;1479382363;Fawkes;international_7
Brenon73738436;1479381158;Fawkes;international_7
Le Monde;1479334326;null;international_7
KONOWAL6;1479732787;Le Monde;international_7
HusseiniAl;1479431524;Le Monde;international_7
DourraaExplore;1479363813;Le Monde;international_7
pilatus70;1479363675;Le Monde;international_7
ComteMaintenon;1479363013;Le Monde;international_7
JOHNNYFUTUR;1479361609;Le Monde;international_7
choco0724d;1479354116;Le Monde;international_7
bir6463;1479349876;Le Monde;international_7
esprit1789;1479347182;Le Monde;international_7
idee_kenkyu;1479341155;Le Monde;international_7
Lr_Yannick;1479340913;Le Monde;international_7
soleil82639;1479339581;Le Monde;international_7
magnigiancarlo1;1479338958;Le Monde;international_7
DominoLass;1479338740;Le Monde;international_7
lionelcergy;1479337509;Le Monde;international_7
virginievotier;1479336851;Le Monde;international_7
revolution_fr;1479336686;Le Monde;international_7
potirone;1479336615;Le Monde;international_7
mayascrlt;1479336518;Le Monde;international_7
fadabarcaom;1479336473;Le Monde;international_7
salimdjaffer2;1479336425;Le Monde;international_7
Davidtaieb5;1479336316;Le Monde;international_7
Sampfan;1479335687;Le Monde;international_7
lcntrchl;1479335595;Le Monde;international_7
graci_da;1479335566;Le Monde;international_7
AstorSof;1479335355;Le Monde;international_7
maslarelou;1479335207;Le Monde;international_7
Choch99;1479335086;Le Monde;international_7
angelinascanu;1479335045;Le Monde;international_7
TK_1134;1479334999;Le Monde;international_7
MapiiHappy;1479334987;Le Monde;international_7
NenadZorkic;1479334983;Le Monde;international_7
ChuckJordan4;1479334939;Le Monde;international_7
josedacunha8;1479334915;Le Monde;international_7
canousconcerne;1479334838;Le Monde;international_7
generalpoyio;1479334829;Le Monde;international_7
profluigimarino;1479334827;Le Monde;international_7
luci560;1479334782;Le Monde;international_7
BriseboisAndr;1479334675;Le Monde;international_7
Bdnyny;1479334662;Le Monde;international_7
kelpo1002;1479334638;Le Monde;international_7
mitongo_t;1479334632;Le Monde;international_7
Jeff_APLR;1479334541;Le Monde;international_7
Je_Sauterelle2;1479334519;Le Monde;international_7
mladenovic_p;1479334497;Le Monde;international_7
ElenaGaiardoni;1479334477;Le Monde;international_7
haymella;1479334475;Le Monde;international_7
SigridVanImpe;1479334446;Le Monde;international_7
audreyc_17;1479334445;Le Monde;international_7
cyrilletrignac;1479334415;Le Monde;international_7
FredJanssen9;1479334376;Le Monde;international_7
simulator8;1479334367;Le Monde;international_7
K_D_Campbell;1479334359;Le Monde;international_7
NataliaAlbensi;1479334351;Le Monde;international_7
DoNoT3sk;1479327391;null;international_7
meiyinkun5;1479334948;DoNoT3sk;international_7
AymeuGaulliste;1479328327;DoNoT3sk;international_7
BiladFransa;1479328263;DoNoT3sk;international_7
Hdjé;1479324969;null;international_7
Elisa Mark;1479323899;null;international_7
Ray_karl;1479324325;Elisa Mark;international_7
Natentongs;1479323926;Elisa Mark;international_7
jean-baptiste angot;1479320241;null;international_7
Le Monde Afrique;1479317470;null;international_7
tiago_yola;1479350070;Le Monde Afrique;international_7
Johan_dy;1479325036;Le Monde Afrique;international_7
AMORNEKHILI;1479322274;Le Monde Afrique;international_7
geo_hub;1479320127;Le Monde Afrique;international_7
SehiFlanIves;1479318396;Le Monde Afrique;international_7
ThierryRouby;1479317832;Le Monde Afrique;international_7
_TopNews1;1479317661;Le Monde Afrique;international_7
Nicolas Stoop;1479729305;null;international_8
Influence Comm.;1479393881;null;international_8
Big Browser;1479372351;null;international_8
EnriqueMoreira;1479381486;Big Browser;international_8
fivelek;1479377700;Big Browser;international_8
dreamerlucid10;1479377071;Big Browser;international_8
Narbakov;1479375623;Big Browser;international_8
delphindruelle;1479375502;Big Browser;international_8
CombotSophie;1479374715;Big Browser;international_8
amoutiez;1479374315;Big Browser;international_8
livgeek;1479374112;Big Browser;international_8
cambodinfo;1479373664;Big Browser;international_8
douniahadni;1479373580;Big Browser;international_8
CocoKardeclos;1479373546;Big Browser;international_8
ybfishel;1479373533;Big Browser;international_8
eruditngoy;1479373279;Big Browser;international_8
GeovannyMuniz;1479373222;Big Browser;international_8
LikeinBatman;1479373164;Big Browser;international_8
DeparisJulien;1479373120;Big Browser;international_8
PierreChrist_;1479372896;Big Browser;international_8
lemondefr;1479372865;Big Browser;international_8
claudecognard;1479361005;null;international_8
hangen claude;1479333568;null;international_8
Najwaelfilali;1479559048;hangen claude;international_8
sam2Rx;1479519430;hangen claude;international_8
ouiza8;1479482812;hangen claude;international_8
AliTSP;1479462809;hangen claude;international_8
thalassa2008;1479451951;hangen claude;international_8
mariamakeita41;1479413470;hangen claude;international_8
Demba_seck;1479394875;hangen claude;international_8
MACTUNISIANO;1479378868;hangen claude;international_8
BorPhilip;1479369167;hangen claude;international_8
mcmounes;1479359685;hangen claude;international_8
gg3428;1479354055;hangen claude;international_8
RachidaMZAHKARO;1479351041;hangen claude;international_8
adid1463;1479335093;hangen claude;international_8
grangibus;1479334760;hangen claude;international_8
stan9169;1479334516;hangen claude;international_8
tweetmarieh;1479334378;hangen claude;international_8
Djab_Bouti;1479334351;hangen claude;international_8
edira2;1479334255;hangen claude;international_8
Linformatrice;1479333745;hangen claude;international_8
hangen_claude;1479333738;hangen claude;international_8
rsistons;1479333613;hangen claude;international_8
Haiti News Network;1479320241;null;international_8
Luc Bronner;1479317829;null;international_8
JerTignes;1479317846;Luc Bronner;international_8
François Appéré;1479316846;null;international_8
Big Browser;1479314713;null;international_8
coreyboulet;1479368360;Big Browser;international_8
maslarelou;1479327808;Big Browser;international_8
FOXLA23;1479326684;Big Browser;international_8
AkomagniD;1479320339;Big Browser;international_8
61Gisou;1479319273;Big Browser;international_8
francoi4;1479318522;Big Browser;international_8
vincentlvnc;1479316757;Big Browser;international_8
LuM2200;1479316425;Big Browser;international_8
devotlck;1479316121;Big Browser;international_8
Umut1hope;1479316119;Big Browser;international_8
Yara_Davenport;1479315704;Big Browser;international_8
petergarrett;1479315509;Big Browser;international_8
dreamerlucid10;1479315328;Big Browser;international_8
JuniorBuitron;1479315134;Big Browser;international_8
lemondefr;1479314770;Big Browser;international_8
Aminata Rahel;1479390603;null;international_9
cedlio;1479391403;Aminata Rahel;international_9
teddy_cat1;1479391136;Aminata Rahel;international_9
hangen claude;1479314966;null;international_9
laldum;1479315944;hangen claude;international_9
hangen_claude;1479315057;hangen claude;international_9
APARICIO Jean-Claude;1486457444;null;international_10
Philippe Ardès;1481288544;null;international_10
Letropgrand;1479542508;null;international_10
ChariseT1;1479783583;Letropgrand;international_10
marie marys;1479416352;null;international_10
Le Monde;1479331986;null;international_10
djamnet;1479542789;Le Monde;international_10
H_ttag;1479541283;Le Monde;international_10
FoMunicip69120;1479412610;Le Monde;international_10
RachidChleuh;1479388734;Le Monde;international_10
davidraphael69;1479368633;Le Monde;international_10
thesimbad;1479367547;Le Monde;international_10
skyptheswim;1479363692;Le Monde;international_10
revolution_fr;1479354253;Le Monde;international_10
MimiJolie57;1479341591;Le Monde;international_10
FL23767;1479338831;Le Monde;international_10
Malicorne92;1479338599;Le Monde;international_10
AMNIH4;1479337142;Le Monde;international_10
Silvaeternam;1479336750;Le Monde;international_10
AttifAtef;1479335319;Le Monde;international_10
cyrilletrignac;1479334361;Le Monde;international_10
Silvio_Gesell_;1479334323;Le Monde;international_10
Ftm69241360;1479334126;Le Monde;international_10
tribalhot;1479333274;Le Monde;international_10
cdelinares;1479333228;Le Monde;international_10
Papa_AM35;1479332969;Le Monde;international_10
romainribas;1479332754;Le Monde;international_10
CatharinaFelke;1479332721;Le Monde;international_10
leoyfsan17;1479332660;Le Monde;international_10
NicolasLieb;1479332613;Le Monde;international_10
claudialode;1479332568;Le Monde;international_10
adelinebronner;1479332494;Le Monde;international_10
choco0724d;1479332266;Le Monde;international_10
leonardoeltigr2;1479332217;Le Monde;international_10
Amiral_Madoff;1479332187;Le Monde;international_10
TonaniFederica;1479332153;Le Monde;international_10
BlaiseGauquelin;1479332071;Le Monde;international_10
Hrison77;1479332062;Le Monde;international_10
RapidoBoris;1479332045;Le Monde;international_10
anguebus;1479332017;Le Monde;international_10
Inès W. Rochant;1479326819;null;international_10
Dernières nouvelles;1479321311;null;international_10
piotr smolar;1479310582;null;international_10
tweetingchloe;1479369432;piotr smolar;international_10
MartineauSeb;1479329390;piotr smolar;international_10
Mariableuee;1479322975;piotr smolar;international_10
AstorSof;1479320071;piotr smolar;international_10
n_ropert;1479319839;piotr smolar;international_10
Marion_Od;1479311558;piotr smolar;international_10
Saint-Saka;1479325792;null;international_11
Le Monde;1479322807;null;international_11
revolution_fr;1479408531;Le Monde;international_11
SoniaGoba;1479380258;Le Monde;international_11
choco0724d;1479332156;Le Monde;international_11
np_alienor;1479327960;Le Monde;international_11
maslarelou;1479327931;Le Monde;international_11
revolution_fr;1479325196;Le Monde;international_11
cyrilletrignac;1479323453;Le Monde;international_11
RLS_dakar;1479323262;Le Monde;international_11
VDannaV;1479322937;Le Monde;international_11
MsieurCORBATIN;1479322926;Le Monde;international_11
MiketteHP;1479322825;Le Monde;international_11
Kadeak;1479317932;null;international_11
Le Monde Afrique;1479311122;null;international_11
gnonsia;1479330998;Le Monde Afrique;international_11
LPartenaireUCAC;1479322278;Le Monde Afrique;international_11
lemonde_inter;1479321410;Le Monde Afrique;international_11
sylviianee;1479315002;Le Monde Afrique;international_11
AbelOuedraogo;1479314144;Le Monde Afrique;international_11
JaphetLbk;1479313340;Le Monde Afrique;international_11
92iRM;1479312143;Le Monde Afrique;international_11
Sarahiiii1;1479311880;Le Monde Afrique;international_11
babswad;1479311207;Le Monde Afrique;international_11
Le Zappeur Geek;1479311062;null;international_11
Frédéric;1479391123;null;international_12
alessandra catsicas;1479362633;null;international_12
FabioMontale;1479364076;alessandra catsicas;international_12
diogene2607;1479355170;null;international_12
nsatagueule;1479363974;diogene2607;international_12
flangloi;1479357647;diogene2607;international_12
Olivier Sarrat;1479317329;null;international_12
Edmond Rabbath;1479312823;null;international_12
Le Monde;1479312811;null;international_12
vrbtrt6;1479575323;Le Monde;international_12
LaurenceLaffan1;1479496198;Le Monde;international_12
LaurentMatile;1479395804;Le Monde;international_12
mado83700;1479382496;Le Monde;international_12
ManonMhmd;1479337065;Le Monde;international_12
revolution_fr;1479335146;Le Monde;international_12
NicoleChaabi;1479328893;Le Monde;international_12
juju_lp22;1479326934;Le Monde;international_12
comte_fenix;1479326535;Le Monde;international_12
motek2606;1479320264;Le Monde;international_12
OriginalDandy;1479319512;Le Monde;international_12
LauraFsn;1479319259;Le Monde;international_12
Gueutin2;1479318847;Le Monde;international_12
Papa_AM35;1479317661;Le Monde;international_12
vincentlvnc;1479317418;Le Monde;international_12
MalickNormand;1479317162;Le Monde;international_12
JeanLoupias;1479316898;Le Monde;international_12
Tom_isBack;1479316576;Le Monde;international_12
EtudeLOUISET;1479316376;Le Monde;international_12
canousconcerne;1479316319;Le Monde;international_12
Pschiiiit;1479316304;Le Monde;international_12
Marcelo22DRC;1479316071;Le Monde;international_12
clementbrault;1479315691;Le Monde;international_12
NoelleSCHILTZ;1479315075;Le Monde;international_12
manuelle1969;1479314819;Le Monde;international_12
pjfr_p;1479314586;Le Monde;international_12
julienjanvier;1479314280;Le Monde;international_12
shaalinar;1479313990;Le Monde;international_12
patwesco;1479313808;Le Monde;international_12
argitissa;1479313705;Le Monde;international_12
Marii_Siilva98;1479313537;Le Monde;international_12
enriquen;1479313489;Le Monde;international_12
Yampier03;1479313352;Le Monde;international_12
ogee_ogee;1479313292;Le Monde;international_12
JohnHard3;1479313264;Le Monde;international_12
leroy_rousseau;1479313236;Le Monde;international_12
sotibj;1479313233;Le Monde;international_12
JAIMELOPEZVELA;1479313220;Le Monde;international_12
calamityloise;1479313171;Le Monde;international_12
Larche27;1479313010;Le Monde;international_12
julienduboislil;1479312974;Le Monde;international_12
PierreDLY;1479312973;Le Monde;international_12
ericc_riki;1479312961;Le Monde;international_12
dejonefrazier;1479312958;Le Monde;international_12
dianadi58;1479312943;Le Monde;international_12
KarimReza10;1479312925;Le Monde;international_12
vrostagno;1479312902;Le Monde;international_12
Mastakas;1479312889;Le Monde;international_12
Agathezeblouz67;1479312866;Le Monde;international_12
Eric_Chauvelot;1479312864;Le Monde;international_12
MiketteHP;1479312840;Le Monde;international_12
brassard patrick;1479311515;null;international_12
NicoleRivard;1479329864;brassard patrick;international_12
grangibus;1479312039;brassard patrick;international_12
JackyNECNOR;1479311766;brassard patrick;international_12
luciethibault1;1479311672;brassard patrick;international_12
Dernières nouvelles;1479310719;null;international_12
hugoengel4;1479310889;Dernières nouvelles;international_12
Globalnews;1479310279;null;international_12
Arthur Colliot;1479310127;null;international_12
Amélie Phillipson;1479308801;null;international_12
PhilippeLoizon;1479310086;Amélie Phillipson;international_12
Phonsia ODINGUI;1479360305;null;international_13
Le Monde;1479322088;null;international_13
ljaupin;1479661490;Le Monde;international_13
Queen089;1479494115;Le Monde;international_13
En_gramma;1479465441;Le Monde;international_13
reque_diou;1479412143;Le Monde;international_13
revolution_fr;1479407888;Le Monde;international_13
tchakouaelvine;1479398697;Le Monde;international_13
Achillejordy;1479384861;Le Monde;international_13
FallAbabacar;1479383068;Le Monde;international_13
Law_Student_13;1479376253;Le Monde;international_13
soldatdafrique;1479374471;Le Monde;international_13
friendmoscow;1479369608;Le Monde;international_13
sylsab33;1479369102;Le Monde;international_13
NatoFanguy;1479334675;Le Monde;international_13
GeraldineRiat;1479331525;Le Monde;international_13
ANdiaye1;1479330138;Le Monde;international_13
mvalo;1479329963;Le Monde;international_13
BenJeannerod;1479329707;Le Monde;international_13
MartensWendy;1479329022;Le Monde;international_13
inansevinc;1479328823;Le Monde;international_13
maslarelou;1479328133;Le Monde;international_13
DariusRochebin;1479327795;Le Monde;international_13
bazyalle;1479327504;Le Monde;international_13
OnlyGodKnow;1479326909;Le Monde;international_13
sobchri;1479324580;Le Monde;international_13
FabieMathet;1479324579;Le Monde;international_13
LenaSomewhere;1479324548;Le Monde;international_13
misskizic;1479324292;Le Monde;international_13
helene6156;1479323838;Le Monde;international_13
cyrilletrignac;1479323715;Le Monde;international_13
jacquesduplessy;1479323637;Le Monde;international_13
Antoine89AAA;1479323495;Le Monde;international_13
werner9051;1479323351;Le Monde;international_13
NoMacTw;1479323282;Le Monde;international_13
ledi46;1479323095;Le Monde;international_13
moussdh1;1479323027;Le Monde;international_13
Charbel_v2L;1479322943;Le Monde;international_13
camille_lw;1479322877;Le Monde;international_13
ThBpt;1479322843;Le Monde;international_13
MaureenSth;1479322737;Le Monde;international_13
joelledidiercle;1479322687;Le Monde;international_13
RLS_dakar;1479322585;Le Monde;international_13
OrigineCertifie;1479322567;Le Monde;international_13
OriginalDandy;1479322561;Le Monde;international_13
IamBaloGouN;1479322544;Le Monde;international_13
LCormon;1479322461;Le Monde;international_13
S23Sylvain;1479322438;Le Monde;international_13
DelphineBourdin;1479322380;Le Monde;international_13
Moochite;1479322340;Le Monde;international_13
Stiviboutchie;1479322280;Le Monde;international_13
Wee_Tox;1479322273;Le Monde;international_13
juriste007;1479322225;Le Monde;international_13
MbiyaMpoy;1479322178;Le Monde;international_13
HugoHBD;1479322175;Le Monde;international_13
claidonmaxime74;1479322174;Le Monde;international_13
iluvdwy;1479322167;Le Monde;international_13
LPartenaireUCAC;1479322167;Le Monde;international_13
Esprit_225;1479322140;Le Monde;international_13
Serge Kochanski;1479321754;null;international_13
vivemouton;1479312082;null;international_13
Dernières nouvelles;1479311830;null;international_13
antiReacpublicain 🔻ت;1479305778;null;international_13
Inno TWAGIRAMUNGU;1479304669;null;international_13
TheoMpoze;1479306626;Inno TWAGIRAMUNGU;international_13
Phil Bevis;1479303702;null;international_13
PolitiqueFrance.fr;1479302810;null;international_13
InfoMonde;1479302164;null;international_13
Jean Pierre Salami;1479301946;null;international_13
ekodev;1479898802;null;international_14
bdekester;1480000712;ekodev;international_14
Laurent Rivollet;1479850290;null;international_14
audreyyorkGRDF;1479888122;Laurent Rivollet;international_14
Business France BR;1479754696;null;international_14
VeraDosanjos;1479774865;Business France BR;international_14
Positifs;1479421568;null;international_14
Alicelachipie;1479672135;Positifs;international_14
hugozone;1479416406;null;international_14
WWF-Canada français;1479398910;null;international_14
AMSBio;1479861010;WWF-Canada français;international_14
andrebelisle121;1479433462;WWF-Canada français;international_14
LinJrm;1479401788;WWF-Canada français;international_14
noureldarre;1479385464;null;international_14
Nassim Khaled;1479382219;null;international_14
Geoffroy Maincent;1479381212;null;international_14
MakaniMoana;1480619841;Geoffroy Maincent;international_14
ali_sadikin83;1480494143;Geoffroy Maincent;international_14
marypopins84;1480450917;Geoffroy Maincent;international_14
Becerril_Ruth;1480029289;Geoffroy Maincent;international_14
varviedurable;1479894788;Geoffroy Maincent;international_14
Nathali38603818;1479666335;Geoffroy Maincent;international_14
debraruh;1479502050;Geoffroy Maincent;international_14
Benoît Bloissere;1479378643;null;international_14
Damien ERNST;1479376893;null;international_14
mrwimverbeke;1479376932;Damien ERNST;international_14
LesPipelettesVertes;1479376802;null;international_14
IsaEcoBio;1479378699;LesPipelettesVertes;international_14
Energies nouvelles;1479376546;null;international_14
isabellecoadic;1485175343;Energies nouvelles;international_14
tezzahill42;1484276327;Energies nouvelles;international_14
GadioOumou;1483645740;Energies nouvelles;international_14
kira_eric;1482725239;Energies nouvelles;international_14
BaptisteDuhamel;1482365045;Energies nouvelles;international_14
osmarmelo;1482105935;Energies nouvelles;international_14
RouxBrigitte4;1481535371;Energies nouvelles;international_14
RudyTemmerman;1480887690;Energies nouvelles;international_14
kjgd12;1480715952;Energies nouvelles;international_14
OrgulloPorteno;1480269028;Energies nouvelles;international_14
FlavienBlank;1479993093;Energies nouvelles;international_14
OrgulloPorteno;1479599468;Energies nouvelles;international_14
Aicofarmer;1479547199;Energies nouvelles;international_14
Olivier_LeBaron;1479453723;Energies nouvelles;international_14
zhongguowenhua1;1479405483;Energies nouvelles;international_14
mariecantona;1479405476;Energies nouvelles;international_14
CaracciSessin;1479404870;Energies nouvelles;international_14
IonescuFranck;1479403973;Energies nouvelles;international_14
gabindz;1479403888;Energies nouvelles;international_14
OmnesCapital;1479402113;Energies nouvelles;international_14
creanergie;1479398626;Energies nouvelles;international_14
MacGueurle;1479393427;Energies nouvelles;international_14
jbfourmy;1479386173;Energies nouvelles;international_14
GabonClimat;1479381242;Energies nouvelles;international_14
SustainableLake;1479380820;Energies nouvelles;international_14
climaction;1479378739;Energies nouvelles;international_14
Annaig_LaBaule;1479376952;Energies nouvelles;international_14
ORRCHIDRAIN;1479376616;Energies nouvelles;international_14
Marie Bonhomme;1479346452;null;international_14
New Nat;1479343230;null;international_14
daveudaimon;1479365438;New Nat;international_14
zoedibisanzio;1479340955;null;international_14
nevan005;1479339227;null;international_14
I. This Saint-Jean;1479334306;null;international_14
ThomasDucados;1479339647;I. This Saint-Jean;international_14
DenajaSébastien;1479329975;null;international_14
NicoleHarnisch1;1479476353;DenajaSébastien;international_14
YvonLemotard;1479448790;DenajaSébastien;international_14
tetunicois;1479414817;DenajaSébastien;international_14
MarieAnne_086;1479393858;DenajaSébastien;international_14
petitoiseau24;1479393790;DenajaSébastien;international_14
alni92;1479389558;DenajaSébastien;international_14
Berceauaerostat;1479387598;DenajaSébastien;international_14
oediperoi1;1479379965;DenajaSébastien;international_14
guigggz;1479379836;DenajaSébastien;international_14
DanielTonydan;1479379438;DenajaSébastien;international_14
ev01000101;1479378091;DenajaSébastien;international_14
KhiraSahraoui;1479377729;DenajaSébastien;international_14
michedici;1479377162;DenajaSébastien;international_14
ait35736313;1479377126;DenajaSébastien;international_14
jugeantireac;1479377108;DenajaSébastien;international_14
htan987;1479377097;DenajaSébastien;international_14
Myale;1479377070;DenajaSébastien;international_14
Biologiquement;1479372238;DenajaSébastien;international_14
francoiskuss;1479367006;DenajaSébastien;international_14
maria_andy2;1479366520;DenajaSébastien;international_14
DanyCalou;1479366372;DenajaSébastien;international_14
OHerviaux_Senat;1479363336;DenajaSébastien;international_14
CeriseM4;1479353100;DenajaSébastien;international_14
AnnetteCoudray;1479338731;DenajaSébastien;international_14
HMouretConway;1479334603;DenajaSébastien;international_14
lysandre87;1479333071;DenajaSébastien;international_14
democratie2012_;1479333006;DenajaSébastien;international_14
Putaghjone;1479330595;DenajaSébastien;international_14
PhilippeDuron;1479330581;DenajaSébastien;international_14
ElodieJauneau;1479330198;DenajaSébastien;international_14
romaincolas;1479330172;DenajaSébastien;international_14
AchrafMOUSSIgnr;1479330004;DenajaSébastien;international_14
Anne-Claire Legendre;1479324861;null;international_14
Philippon Maxime;1479324651;null;international_14
SandrineZen;1479334141;Philippon Maxime;international_14
Vincent-Xavier JUMEL;1479320323;null;international_14
Alexandre Godin;1479318083;null;international_14
johnnybdx;1479654804;Alexandre Godin;international_14
ViveForce;1479579478;Alexandre Godin;international_14
BonnaterreL;1479572679;Alexandre Godin;international_14
micheledelaunay;1479572656;Alexandre Godin;international_14
regiscottet;1479564178;Alexandre Godin;international_14
Matthieu_Gadon;1479447992;Alexandre Godin;international_14
MBaujard;1479406150;Alexandre Godin;international_14
aurelientricot1;1479363850;Alexandre Godin;international_14
NathalieLanzi;1479326550;Alexandre Godin;international_14
cyrilletrignac;1479324598;Alexandre Godin;international_14
rebeccaglauberg;1479320203;Alexandre Godin;international_14
BoyThierry;1479319387;Alexandre Godin;international_14
she534;1479319171;Alexandre Godin;international_14
VincentFeltesse;1479319156;Alexandre Godin;international_14
jpmartakech;1479319137;Alexandre Godin;international_14
moonlight1220;1479318953;Alexandre Godin;international_14
FPasquisDumont;1479318843;Alexandre Godin;international_14
yvdebien;1479318776;Alexandre Godin;international_14
PENALVARobert;1479318588;Alexandre Godin;international_14
Gastaldi;1479316664;null;international_14
GrainDeSable_;1479448856;Gastaldi;international_14
Anne-Céline Guyon;1479315766;null;international_14
AMBerthiaume;1479429728;Anne-Céline Guyon;international_14
mbinzolambert;1479316194;Anne-Céline Guyon;international_14
99%Média;1479315047;null;international_14
David-Maxime Samson;1479314949;null;international_14
Delphine Pineda;1479314083;null;international_14
jyt75;1479327502;Delphine Pineda;international_14
DelphinePineda;1479320163;Delphine Pineda;international_14
LMarithee;1479314914;Delphine Pineda;international_14
lainbec30;1479314318;Delphine Pineda;international_14
Rosenshnouf;1479314284;Delphine Pineda;international_14
AYL;1479312966;null;international_14
zammerman;1479315409;AYL;international_14
NONagoNDDL;1479312547;null;international_14
jcrp44;1479321369;NONagoNDDL;international_14
France Kuala Lumpur;1479311959;null;international_14
France Kuala Lumpur;1479311796;null;international_14
Bridget Kyoto;1479311529;null;international_14
Monastère Zen;1479309793;null;international_14
Monastère Zen;1479309651;null;international_14
Moreau Maryse;1479308485;null;international_14
Daccord_ou_pas;1479365478;Moreau Maryse;international_14
sgjb9700;1479334855;Moreau Maryse;international_14
Paupol_du_Panie;1479325590;Moreau Maryse;international_14
CeriseM4;1479317210;Moreau Maryse;international_14
AkaAnderaka;1479315296;Moreau Maryse;international_14
theo_jt;1479313288;Moreau Maryse;international_14
DanyCalou;1479312881;Moreau Maryse;international_14
crdsar;1479312733;Moreau Maryse;international_14
marazazou73;1479312238;Moreau Maryse;international_14
menalahy;1479311935;Moreau Maryse;international_14
Thierry_PELTIER;1479311767;Moreau Maryse;international_14
nikkkos1;1479311740;Moreau Maryse;international_14
annick_chupin;1479308736;Moreau Maryse;international_14
st_gille;1479308533;Moreau Maryse;international_14
Audrey Garric;1479308205;null;international_14
gswalot;1479547196;Audrey Garric;international_14
APsystems_EMEA;1479376659;Audrey Garric;international_14
IFDScience;1479376241;Audrey Garric;international_14
FLF212;1479353256;Audrey Garric;international_14
clmence_1;1479335783;Audrey Garric;international_14
ElsaFowl;1479331071;Audrey Garric;international_14
mvalo;1479329334;Audrey Garric;international_14
PascalRioual;1479326905;Audrey Garric;international_14
EELV_Paris;1479325383;Audrey Garric;international_14
Titrith;1479324420;Audrey Garric;international_14
tricornot;1479319364;Audrey Garric;international_14
mia_katsumi;1479318197;Audrey Garric;international_14
SamanthaCBB;1479315965;Audrey Garric;international_14
cyrilletrignac;1479314765;Audrey Garric;international_14
lOlo_C6;1479314529;Audrey Garric;international_14
franz_vv;1479314485;Audrey Garric;international_14
Scaramoreau;1479313220;Audrey Garric;international_14
COP21;1479313105;Audrey Garric;international_14
huet_sophie;1479312177;Audrey Garric;international_14
lucdesomer;1479311900;Audrey Garric;international_14
CrcElise;1479311484;Audrey Garric;international_14
FrankllnDaTutle;1479311459;Audrey Garric;international_14
HeleneLeGal;1479311171;Audrey Garric;international_14
dalebarbie2;1479311025;Audrey Garric;international_14
david_sillet;1479310675;Audrey Garric;international_14
JulienNorpois;1479310480;Audrey Garric;international_14
MADriiieee;1479310000;Audrey Garric;international_14
bboullye;1479309839;Audrey Garric;international_14
Caphi;1479309676;Audrey Garric;international_14
Apteam_of_life;1479309501;Audrey Garric;international_14
GdsNando;1479309133;Audrey Garric;international_14
User25789997356;1479308862;Audrey Garric;international_14
Nnn_Elle;1479308798;Audrey Garric;international_14
MLLabelle;1479308727;Audrey Garric;international_14
Enmarche13;1479308524;Audrey Garric;international_14
JulienontheMoon;1479308459;Audrey Garric;international_14
MaryseSchumim;1479308442;Audrey Garric;international_14
NoeTemMermann;1479308426;Audrey Garric;international_14
Nicolasgerard31;1479308381;Audrey Garric;international_14
JojoDalon;1479308303;Audrey Garric;international_14
arlego78;1479308285;Audrey Garric;international_14
lemondefr;1479308255;Audrey Garric;international_14
hugocastelain95;1479308252;Audrey Garric;international_14
Louise Pasin;1479305457;null;international_14
AlexandraGuyon;1479321457;Louise Pasin;international_14
alex_poncet;1479312128;Louise Pasin;international_14
Etc Terra;1479304860;null;international_14
RESOLIS;1479302927;null;international_14
Hubert MESSMER;1479301458;null;international_14
jomodemo;1479317264;Hubert MESSMER;international_14
CLhermenault;1479301526;Hubert MESSMER;international_14
SynergieSolaire;1479301500;Hubert MESSMER;international_14
Sane 🔹;1479300893;null;international_14
MbarronKM;1479310596;Sane 🔹;international_14
Gertrude Michu;1479300822;null;international_14
Pascal BOLO;1479300773;null;international_14
YYaouank;1479532441;Pascal BOLO;international_14
carn_joel;1479529523;Pascal BOLO;international_14
AnthonyTexier44;1479471344;Pascal BOLO;international_14
nicolasdevG;1479322329;Pascal BOLO;international_14
BivelAlain;1479318431;Pascal BOLO;international_14
HuchetErwan;1479315580;Pascal BOLO;international_14
POUR_AGO;1479305782;Pascal BOLO;international_14
yannick_helbert;1479302756;Pascal BOLO;international_14
bel_julien;1479302005;Pascal BOLO;international_14
ParrainJoe;1479301959;Pascal BOLO;international_14
kurisutin972_44;1479301660;Pascal BOLO;international_14
ChristianDomine;1479301579;Pascal BOLO;international_14
AlloryJordan;1479301514;Pascal BOLO;international_14
RAPMAGHollande;1479300811;Pascal BOLO;international_14
Jean-Vincent Placé;1479300307;null;international_14
jeanmarcbrule;1479420498;Jean-Vincent Placé;international_14
CaroDeforge;1479401503;Jean-Vincent Placé;international_14
mpbresson;1479385907;Jean-Vincent Placé;international_14
UDE_FD_Malakoff;1479367995;Jean-Vincent Placé;international_14
lapayet;1479327939;Jean-Vincent Placé;international_14
FabieMathet;1479324100;Jean-Vincent Placé;international_14
cyrilletrignac;1479315131;Jean-Vincent Placé;international_14
smurignieux;1479306921;Jean-Vincent Placé;international_14
BertrandLeGuern;1479305662;Jean-Vincent Placé;international_14
28_ude;1479301988;Jean-Vincent Placé;international_14
FrontDem92;1479300901;Jean-Vincent Placé;international_14
spszabo;1479300894;Jean-Vincent Placé;international_14
UDE_92;1479300893;Jean-Vincent Placé;international_14
UDE_17;1479300850;Jean-Vincent Placé;international_14
ude_18;1479300664;Jean-Vincent Placé;international_14
UDE3702;1479300596;Jean-Vincent Placé;international_14
PeiranoAlbert;1479300556;Jean-Vincent Placé;international_14
UDE_9eCircoFHDF;1479300524;Jean-Vincent Placé;international_14
philippecharlot;1479300508;Jean-Vincent Placé;international_14
UEssone;1479300507;Jean-Vincent Placé;international_14
EcologieEntrepr;1479300492;Jean-Vincent Placé;international_14
FranceUnie2017;1479300463;Jean-Vincent Placé;international_14
ascondemine;1479300412;Jean-Vincent Placé;international_14
chappellier2014;1479300399;Jean-Vincent Placé;international_14
C_Rossignol;1479300385;Jean-Vincent Placé;international_14
UDE_FR;1479300346;Jean-Vincent Placé;international_14
SimplifGouv;1479300325;Jean-Vincent Placé;international_14
Arthur Dosne;1479299602;null;international_14
Damien Gaudissart;1479298102;null;international_14
Matthieu Quiret;1479296981;null;international_14
TdeSaintSimon;1479385989;Matthieu Quiret;international_14
DCombredet;1479298729;Matthieu Quiret;international_14
jfmartins;1479297549;Matthieu Quiret;international_14
planete21;1479297124;Matthieu Quiret;international_14
Charlotte Daviau;1479296531;null;international_14
Prabonnaud;1479296311;null;international_14
Le Monde;1479302431;null;international_15
Hastein22;1479379618;Le Monde;international_15
BrxPPP;1479338580;Le Monde;international_15
benjaminblandin;1479326061;Le Monde;international_15
revolution_fr;1479322740;Le Monde;international_15
_Skouiky;1479307264;Le Monde;international_15
FEDJF;1479305238;Le Monde;international_15
jakprice;1479305017;Le Monde;international_15
imlauraldl;1479304708;Le Monde;international_15
enostcha;1479304438;Le Monde;international_15
BLBagousse;1479304296;Le Monde;international_15
Delmaire7;1479303882;Le Monde;international_15
PierrotBD;1479303480;Le Monde;international_15
ATCoimbra;1479303396;Le Monde;international_15
geniuslawyer;1479303379;Le Monde;international_15
ManinhoLeite;1479303296;Le Monde;international_15
Severine_Serres;1479303251;Le Monde;international_15
moriunto;1479303206;Le Monde;international_15
Greeeg65;1479303170;Le Monde;international_15
coxmint;1479303166;Le Monde;international_15
ideasKathy;1479303108;Le Monde;international_15
NancyRadjaya;1479302834;Le Monde;international_15
MarineBorrely;1479302800;Le Monde;international_15
GauthierThonin;1479302718;Le Monde;international_15
DoctorTotor_;1479302709;Le Monde;international_15
mrtn_t2mk;1479302671;Le Monde;international_15
mgmalacrida;1479302568;Le Monde;international_15
ie_BST;1479302530;Le Monde;international_15
AlainPall1;1479302529;Le Monde;international_15
lucianaccc;1479302518;Le Monde;international_15
Tiembs;1479302492;Le Monde;international_15
Skipasse;1479302487;Le Monde;international_15
AfinaYasmin;1479302479;Le Monde;international_15
DonTiti12;1479302462;Le Monde;international_15
Dernières nouvelles;1479301025;null;international_15
icp3_zero;1479303084;Dernières nouvelles;international_15
FREE_NKOREA;1479301237;Dernières nouvelles;international_15
Christophe Deloire;1479299350;null;international_15
hayaelna;1480354740;Christophe Deloire;international_15
3arieThiery;1479771426;Christophe Deloire;international_15
Tunback;1479385244;Christophe Deloire;international_15
miriamcosic;1479336962;Christophe Deloire;international_15
cdeloire;1479322468;Christophe Deloire;international_15
Helene_Detolle;1479310848;Christophe Deloire;international_15
AdrienGombeaud;1479299947;Christophe Deloire;international_15
OlivierSchneid;1479299515;Christophe Deloire;international_15
Tancrède Chambraud;1479297217;null;international_15
Michel Bassot;1479296265;null;international_15
Thomas_Marko;1479298835;Michel Bassot;international_15
Youssef El Jai;1479687113;null;international_16
Luis Favre;1479379561;null;international_16
eppursimouve;1479365214;null;international_16
justelibre3;1479365377;eppursimouve;international_16
Hablamos;1479338705;null;international_16
Antoine Chevalier;1479329187;null;international_16
Fossaert Joséphine;1479302041;null;international_16
Philippe Bernard;1479315160;null;international_17
IciLondres;1479404506;Philippe Bernard;international_17
WW1 Economics;1479308864;null;international_18
Le Monde Politique;1479304726;null;international_18
Ms_BethGreene;1479305368;Le Monde Politique;international_18
Abdalah07101994;1479304745;Le Monde Politique;international_18
antiReacpublicain 🔻ت;1479299128;null;international_18
isoubert;1479300513;antiReacpublicain 🔻ت;international_18
Haiti News Network;1479298608;null;international_18
Lio;1479297212;null;international_18
Juan Martinez;1479295026;null;international_18
Thomas Wieder;1479464668;null;international_19
revolution_fr;1479635749;Thomas Wieder;international_19
FCamet;1479507117;Thomas Wieder;international_19
ikomia;1479494622;Thomas Wieder;international_19
DThezy;1479472736;Thomas Wieder;international_19
A_Moatti;1479470684;Thomas Wieder;international_19
61Gisou;1479469096;Thomas Wieder;international_19
mathieu_m;1479468464;Thomas Wieder;international_19
lemondefr;1479467260;Thomas Wieder;international_19
c_forestier;1479467102;Thomas Wieder;international_19
ncapitoni;1479464732;Thomas Wieder;international_19
Alexandre Castellano;1479376063;null;international_19